{
  "ATR Channel Breakout": {
    "params": {
      "window": 5,
      "mult": 2.9
    },
    "final": 10271.893201708312,
    "sharpe": 0.4511171043458799,
    "growth": 51.35913110835222,
    "stab": 76.65342399022558,
    "dd": -4.320848635075425e-05
  },
  "Bollinger Breakout": {
    "params": {
      "window": 13,
      "k": 1.0
    },
    "final": 8377.707211223997,
    "sharpe": 0.09410103094343858,
    "growth": 41.958954911745806,
    "stab": 54.5166079609086,
    "dd": -0.8446933421739123
  },
  "Bollinger MeanRev": {
    "params": {
      "window": 14,
      "k": 1.9
    },
    "final": 24490.01155089386,
    "sharpe": 0.9588717882859622,
    "growth": 94.7747595587745,
    "stab": 77.35978502242335,
    "dd": -0.30069833335071716
  },
  "Buy & Hold": {
    "params": {},
    "final": 7748.7535503398085,
    "sharpe": 0.15651007604497333,
    "growth": 38.930149677084785,
    "stab": 56.81332165627758,
    "dd": -0.7764774486101854
  },
  "Donchian Breakout": {
    "params": {
      "window": 10,
      "hold": 10
    },
    "final": 32194.645300471297,
    "sharpe": 0.6475772781520857,
    "growth": 98.83292370866013,
    "stab": 66.75724468128388,
    "dd": -0.6315306669945979
  },
  "EMA Cross": {
    "params": {
      "short": 3,
      "long": 11,
      "wait": 5
    },
    "final": 51051.69839153895,
    "sharpe": 0.8058195012735236,
    "growth": 99.97282454991787,
    "stab": 72.30440636415098,
    "dd": -0.4584335337229376
  },
  "MACD": {
    "params": {
      "fast": 3,
      "slow": 14,
      "signal": 16
    },
    "final": 11483.289125803316,
    "sharpe": 0.291617861966572,
    "growth": 57.3625291828269,
    "stab": 57.014940291672644,
    "dd": -0.8664294837504789
  },
  "Mean Reversion (Z)": {
    "params": {
      "window": 5,
      "k": 1.8
    },
    "final": 18125.93523536504,
    "sharpe": 0.49371819611137024,
    "growth": 83.55092452592805,
    "stab": 64.64269738632711,
    "dd": -0.6308109876746798
  },
  "Momentum ROC": {
    "params": {
      "window": 48
    },
    "final": 52221.940275049834,
    "sharpe": 0.8186455769636214,
    "growth": 99.9784942072537,
    "stab": 72.19700219346532,
    "dd": -0.4719961645605397
  },
  "RSI Trend": {
    "params": {
      "window": 5,
      "low": 5,
      "high": 69
    },
    "final": 15890.195493711133,
    "sharpe": 0.42717531106306345,
    "growth": 76.45950453412722,
    "stab": 66.38726961326947,
    "dd": -0.4962333917324081
  },
  "SMA Cross": {
    "params": {
      "short": 3,
      "long": 18
    },
    "final": 38741.640874706805,
    "sharpe": 0.7092368522881443,
    "growth": 99.6822025421159,
    "stab": 67.85598233777567,
    "dd": -0.6178984135263714
  },
  "Supertrend": {
    "params": {
      "window": 5,
      "mult": 2.1
    },
    "final": 7748.7535503398085,
    "sharpe": 0.15651007604497333,
    "growth": 38.930149677084785,
    "stab": 56.81332165627758,
    "dd": -0.7764774486101854
  },
  "VWAP MeanRev": {
    "params": {
      "window": 10,
      "k": 0.5
    },
    "final": 10000.0,
    "sharpe": 0.0,
    "growth": 50.0,
    "stab": 70.0,
    "dd": 0.0
  }
}