{
  "ATR Channel Breakout": {
    "params": {
      "window": 6,
      "mult": 2.8
    },
    "final": 11498.640799393901,
    "sharpe": 0.5239481649699829,
    "growth": 57.437606189017245,
    "stab": 75.96017863551205,
    "dd": -0.0862026129629091
  },
  "Bollinger Breakout": {
    "params": {
      "window": 10,
      "k": 1.7
    },
    "final": 17039.823747669572,
    "sharpe": 0.5764779941534971,
    "growth": 80.34447327328873,
    "stab": 74.41047098406807,
    "dd": -0.20024622328109554
  },
  "Bollinger MeanRev": {
    "params": {
      "window": 13,
      "k": 2.7
    },
    "final": 10797.461379832555,
    "sharpe": 0.6425308540879042,
    "growth": 53.97887598988119,
    "stab": 79.31952036068483,
    "dd": 0.0
  },
  "Buy & Hold": {
    "params": {},
    "final": 10470.612021252591,
    "sharpe": 0.2691294783819595,
    "growth": 52.35132449191789,
    "stab": 59.97438505194867,
    "dd": -0.7019182895269006
  },
  "Donchian Breakout": {
    "params": {
      "window": 14,
      "hold": 8
    },
    "final": 30416.60563090659,
    "sharpe": 0.6340548977773396,
    "growth": 98.34278569602887,
    "stab": 70.24669507081131,
    "dd": -0.4478902320550652
  },
  "EMA Cross": {
    "params": {
      "short": 3,
      "long": 11,
      "wait": 6
    },
    "final": 31700.289320977125,
    "sharpe": 0.6360942693622113,
    "growth": 98.71319708413094,
    "stab": 68.33083236483209,
    "dd": -0.5450684778038659
  },
  "MACD": {
    "params": {
      "fast": 3,
      "slow": 13,
      "signal": 9
    },
    "final": 7215.852563025295,
    "sharpe": 0.14590377612879282,
    "growth": 36.42813720515004,
    "stab": 56.110416438838115,
    "dd": -0.8037132983455797
  },
  "Mean Reversion (Z)": {
    "params": {
      "window": 8,
      "k": 0.5
    },
    "final": 19063.28691337469,
    "sharpe": 0.46554459421678196,
    "growth": 85.96827363937408,
    "stab": 66.2504143725935,
    "dd": -0.5304653242065598
  },
  "Momentum ROC": {
    "params": {
      "window": 20
    },
    "final": 34568.61323536212,
    "sharpe": 0.6658676645988195,
    "growth": 99.27084628468302,
    "stab": 68.72953847744917,
    "dd": -0.5452548067763803
  },
  "RSI Trend": {
    "params": {
      "window": 5,
      "low": 6,
      "high": 83
    },
    "final": 28363.347484372985,
    "sharpe": 0.9332193619378042,
    "growth": 97.52210460380721,
    "stab": 77.75837843896358,
    "dd": -0.26526498069932447
  },
  "SMA Cross": {
    "params": {
      "short": 3,
      "long": 33
    },
    "final": 17788.82239479035,
    "sharpe": 0.44501482985320434,
    "growth": 82.60323361965041,
    "stab": 65.64248267300457,
    "dd": -0.5462358066556765
  },
  "Supertrend": {
    "params": {
      "window": 6,
      "mult": 1.1
    },
    "final": 17488.929123323036,
    "sharpe": 0.4389653270740695,
    "growth": 81.72440075589537,
    "stab": 63.31825160221263,
    "dd": -0.6581248037988721
  }
}