{
  "Bollinger MeanRev": {
    "params": {
      "window": 17,
      "k": 2.9
    },
    "final": 11641.09411243553,
    "sharpe": 0.4912550996081535,
    "growth": 58.13259259071792,
    "stab": 75.81141759163685,
    "dd": -0.0706352918191443
  },
  "Donchian Breakout": {
    "params": {
      "window": 22,
      "hold": 8
    },
    "final": 26504.82822087642,
    "sharpe": 0.9031604905698446,
    "growth": 96.44619231477395,
    "stab": 78.53574393035963,
    "dd": -0.2080084569170434
  },
  "EMA Cross": {
    "params": {
      "short": 3,
      "long": 26,
      "wait": 2
    },
    "final": 30068.77532178107,
    "sharpe": 0.8551424967373102,
    "growth": 98.22551377265839,
    "stab": 75.85874652051871,
    "dd": -0.31199702792785866
  },
  "MACD": {
    "params": {
      "fast": 3,
      "slow": 15,
      "signal": 3
    },
    "final": 7185.001322631569,
    "sharpe": -0.08856463373052688,
    "growth": 36.33195538544657,
    "stab": 57.54289688198646,
    "dd": -0.5564750636945415
  }
}