{
  "ATR Channel Breakout": {
    "params": {
      "window": 5,
      "mult": 1.7
    },
    "final": 11104.566830909454,
    "sharpe": 0.19659438351804662,
    "growth": 55.500482455307036,
    "stab": 71.85060543165898,
    "dd": -0.05444245398465197
  },
  "Bollinger Breakout": {
    "params": {
      "window": 13,
      "k": 3.0
    },
    "final": 10824.345918894003,
    "sharpe": 0.21833681464423182,
    "growth": 54.11241855059363,
    "stab": 72.44052638326352,
    "dd": -0.04107885761573349
  },
  "Bollinger MeanRev": {
    "params": {
      "window": 10,
      "k": 1.5
    },
    "final": 22650.731401383437,
    "sharpe": 0.48368061599138207,
    "growth": 92.6228349263449,
    "stab": 75.23539917775055,
    "dd": -0.09407990458136684
  },
  "Buy & Hold": {
    "params": {},
    "final": 22975.145600699394,
    "sharpe": 0.30948685812140736,
    "growth": 93.05409762877751,
    "stab": 68.12935372579472,
    "dd": -0.3238123259539275
  },
  "Donchian Breakout": {
    "params": {
      "window": 10,
      "hold": 5
    },
    "final": 17149.69616612859,
    "sharpe": 0.256556629187563,
    "growth": 80.68918474229504,
    "stab": 68.47623570190328,
    "dd": -0.2675571570721057
  },
  "EMA Cross": {
    "params": {
      "short": 3,
      "long": 15,
      "wait": 6
    },
    "final": 18428.060039172964,
    "sharpe": 0.23941725262010308,
    "growth": 84.36462242038763,
    "stab": 64.24138310516679,
    "dd": -0.466640950769892
  },
  "MACD": {
    "params": {
      "fast": 3,
      "slow": 13,
      "signal": 16
    },
    "final": 13455.269272388288,
    "sharpe": 0.13945620493684444,
    "growth": 66.62013209093524,
    "stab": 66.00078480191097,
    "dd": -0.30438373331629787
  },
  "Mean Reversion (Z)": {
    "params": {
      "window": 6,
      "k": 1.7
    },
    "final": 19971.549966581006,
    "sharpe": 0.36275179219281595,
    "growth": 88.01983681432063,
    "stab": 72.49747198410381,
    "dd": -0.14424560605943815
  },
  "Momentum ROC": {
    "params": {
      "window": 69
    },
    "final": 22013.629898799976,
    "sharpe": 0.29723594995155456,
    "growth": 91.70349370352612,
    "stab": 68.71241514701714,
    "dd": -0.28567929216579113
  },
  "RSI Trend": {
    "params": {
      "window": 5,
      "low": 6,
      "high": 95
    },
    "final": 17458.413688249395,
    "sharpe": 0.5529309988211623,
    "growth": 81.63307079656741,
    "stab": 76.36126036671743,
    "dd": -0.08638299389356141
  },
  "SMA Cross": {
    "params": {
      "short": 3,
      "long": 56
    },
    "final": 14650.816513202923,
    "sharpe": 0.16650705247021053,
    "growth": 71.71084148839395,
    "stab": 66.88077130597412,
    "dd": -0.2805540004060889
  },
  "Supertrend": {
    "params": {
      "window": 5,
      "mult": 1.3
    },
    "final": 23440.585091451623,
    "sharpe": 0.31585729891067565,
    "growth": 93.6321804309914,
    "stab": 68.22261230348849,
    "dd": -0.3238123259539275
  },
  "VWAP MeanRev": {
    "params": {
      "window": 10,
      "k": 0.5
    },
    "final": 10000.0,
    "sharpe": 0.0,
    "growth": 50.0,
    "stab": 70.0,
    "dd": 0.0
  }
}