{
  "SMA Cross": {
    "params": {
      "short": 3,
      "long": 10
    },
    "final": 10584.536925715931,
    "sharpe": 0.16306777411002402,
    "growth": 52.99329662994364,
    "stab": 69.52199608384365,
    "dd": -0.14593073564305137
  }
}