{
  "ATR Channel Breakout": {
    "params": {
      "window": 8,
      "mult": 3.3
    },
    "final": 10287.815978909697,
    "sharpe": 0.46053377475459006,
    "growth": 51.438682657658,
    "stab": 76.69182932491789,
    "dd": -0.004830917874396157
  },
  "Bollinger Breakout": {
    "params": {
      "window": 10,
      "k": 2.6
    },
    "final": 10290.571194329083,
    "sharpe": 0.41082758250736245,
    "growth": 51.45244721975179,
    "stab": 75.95255799907603,
    "dd": -0.006231003039513738
  },
  "Bollinger MeanRev": {
    "params": {
      "window": 10,
      "k": 1.8
    },
    "final": 13814.937698915455,
    "sharpe": 0.6218729345674018,
    "growth": 68.20020092919846,
    "stab": 76.96071832423506,
    "dd": -0.10389727887779632
  },
  "Buy & Hold": {
    "params": {},
    "final": 10995.03402611742,
    "sharpe": 0.14991419799879074,
    "growth": 54.95881529975372,
    "stab": 66.75042599988392,
    "dd": -0.27470424495476664
  },
  "Donchian Breakout": {
    "params": {
      "window": 19,
      "hold": 4
    },
    "final": 11824.945650107704,
    "sharpe": 0.23408654740173132,
    "growth": 59.02476229701378,
    "stab": 68.27378154478032,
    "dd": -0.2610785067098711
  },
  "EMA Cross": {
    "params": {
      "short": 3,
      "long": 11,
      "wait": 6
    },
    "final": 10336.45412366699,
    "sharpe": 0.10418235061459102,
    "growth": 51.68163612113376,
    "stab": 64.08139736426396,
    "dd": -0.3739962969175388
  },
  "MACD": {
    "params": {
      "fast": 3,
      "slow": 19,
      "signal": 9
    },
    "final": 11877.801607525973,
    "sharpe": 0.2053196296828873,
    "growth": 59.280186176752316,
    "stab": 68.15400660628136,
    "dd": -0.24575069494989277
  },
  "Mean Reversion (Z)": {
    "params": {
      "window": 5,
      "k": 0.5
    },
    "final": 15053.450006494326,
    "sharpe": 0.4019949460466095,
    "growth": 73.31551618907226,
    "stab": 72.13321847682879,
    "dd": -0.19083969465648865
  },
  "Momentum ROC": {
    "params": {
      "window": 86
    },
    "final": 14335.905018100404,
    "sharpe": 0.34912726007801487,
    "growth": 70.4158785124782,
    "stab": 69.47405292067485,
    "dd": -0.2855151312861933
  },
  "RSI Trend": {
    "params": {
      "window": 5,
      "low": 5,
      "high": 92
    },
    "final": 12255.232235943047,
    "sharpe": 0.3377420547114517,
    "growth": 61.088800731917416,
    "stab": 70.6791640356789,
    "dd": -0.21696760914816393
  },
  "SMA Cross": {
    "params": {
      "short": 3,
      "long": 134
    },
    "final": 11839.298599551437,
    "sharpe": 0.20299534795720392,
    "growth": 59.09417102502998,
    "stab": 66.27272432264772,
    "dd": -0.3380896369675447
  },
  "Supertrend": {
    "params": {
      "window": 8,
      "mult": 1.0
    },
    "final": 12446.27543625733,
    "sharpe": 0.24159257253809116,
    "growth": 61.99309342423565,
    "stab": 68.15008563685359,
    "dd": -0.27281394715336316
  },
  "VWAP MeanRev": {
    "params": {
      "window": 10,
      "k": 0.5
    },
    "final": 10000.0,
    "sharpe": 0.0,
    "growth": 50.0,
    "stab": 70.0,
    "dd": 0.0
  }
}